<?xml version="1.0" encoding="UTF-8" ?>
<module>
    <name>bancard</name>
    <displayName><![CDATA[Bancard]]></displayName>
    <version><![CDATA[0.1]]></version>
    <description><![CDATA[Habilitar pagos con tarjeta de cr&eacute;ditos y débito para tu ecommerce.]]></description>
    <author><![CDATA[Bancard S.A.]]></author>
    <tab><![CDATA[payments_gateways]]></tab>
	<confirmUninstall><![CDATA[Esta seguro de eliminar este módulo?]]></confirmUninstall>
    <is_configurable>1</is_configurable>
    <need_instance>1</need_instance>
	<limited_countries></limited_countries>
</module>